{
    "bounding_boxes": [
        {
            "label": "tip",
            "x_center": 0.530488,
            "y_center": 0.519817,
            "width": 0.073171,
            "height": 0.088415
        }
    ]
}