{
    "bounding_boxes": [
        {
            "label": "tip",
            "x_center": 0.512195,
            "y_center": 0.534299,
            "width": 0.118902,
            "height": 0.126524
        }
    ]
}