{
    "bounding_boxes": [
        {
            "label": "tip",
            "x_center": 0.526677,
            "y_center": 0.521341,
            "width": 0.074695,
            "height": 0.118902
        }
    ]
}