{
    "bounding_boxes": [
        {
            "label": "tip",
            "x_center": 0.516006,
            "y_center": 0.520579,
            "width": 0.096037,
            "height": 0.117378
        }
    ]
}