{
    "bounding_boxes": [
        {
            "label": "tip",
            "x_center": 0.514482,
            "y_center": 0.528963,
            "width": 0.099085,
            "height": 0.128049
        }
    ]
}