{
    "bounding_boxes": [
        {
            "label": "tip",
            "x_center": 0.520579,
            "y_center": 0.525915,
            "width": 0.108232,
            "height": 0.103659
        }
    ]
}