{
    "bounding_boxes": [
        {
            "label": "tip",
            "x_center": 0.528201,
            "y_center": 0.526677,
            "width": 0.077744,
            "height": 0.129573
        }
    ]
}