{
    "bounding_boxes": [
        {
            "label": "tip",
            "x_center": 0.535061,
            "y_center": 0.507622,
            "width": 0.070122,
            "height": 0.064024
        }
    ]
}