{
    "bounding_boxes": [
        {
            "label": "tip",
            "x_center": 0.534299,
            "y_center": 0.503049,
            "width": 0.077744,
            "height": 0.082317
        }
    ]
}