{
    "bounding_boxes": [
        {
            "label": "tip",
            "x_center": 0.538872,
            "y_center": 0.504573,
            "width": 0.041159,
            "height": 0.042683
        }
    ]
}