{
    "bounding_boxes": [
        {
            "label": "tip",
            "x_center": 0.520579,
            "y_center": 0.515244,
            "width": 0.096037,
            "height": 0.128049
        }
    ]
}