{
    "bounding_boxes": [
        {
            "label": "tip",
            "x_center": 0.500762,
            "y_center": 0.543445,
            "width": 0.123476,
            "height": 0.117378
        }
    ]
}