{
    "bounding_boxes": [
        {
            "label": "tip",
            "x_center": 0.515244,
            "y_center": 0.512195,
            "width": 0.094512,
            "height": 0.097561
        }
    ]
}