{
    "bounding_boxes": [
        {
            "label": "tip",
            "x_center": 0.512957,
            "y_center": 0.544207,
            "width": 0.117378,
            "height": 0.152439
        }
    ]
}