{
    "bounding_boxes": [
        {
            "label": "tip",
            "x_center": 0.536585,
            "y_center": 0.505335,
            "width": 0.060976,
            "height": 0.065549
        }
    ]
}