{
    "bounding_boxes": [
        {
            "label": "tip",
            "x_center": 0.520579,
            "y_center": 0.534299,
            "width": 0.099085,
            "height": 0.129573
        }
    ]
}