{
    "bounding_boxes": [
        {
            "label": "tip",
            "x_center": 0.510671,
            "y_center": 0.525152,
            "width": 0.115854,
            "height": 0.144817
        }
    ]
}