{
    "bounding_boxes": [
        {
            "label": "tip",
            "x_center": 0.533537,
            "y_center": 0.512195,
            "width": 0.051829,
            "height": 0.064024
        }
    ]
}