{
    "bounding_boxes": [
        {
            "label": "tip",
            "x_center": 0.520579,
            "y_center": 0.523628,
            "width": 0.077744,
            "height": 0.102134
        }
    ]
}