{
    "bounding_boxes": [
        {
            "label": "tip",
            "x_center": 0.516768,
            "y_center": 0.516006,
            "width": 0.103659,
            "height": 0.105183
        }
    ]
}