{
    "bounding_boxes": [
        {
            "label": "tip",
            "x_center": 0.519817,
            "y_center": 0.526677,
            "width": 0.088415,
            "height": 0.083841
        }
    ]
}