{
    "bounding_boxes": [
        {
            "label": "tip",
            "x_center": 0.534299,
            "y_center": 0.509146,
            "width": 0.047256,
            "height": 0.094512
        }
    ]
}