{
    "bounding_boxes": [
        {
            "label": "tip",
            "x_center": 0.504573,
            "y_center": 0.532012,
            "width": 0.112805,
            "height": 0.091463
        }
    ]
}