{
    "bounding_boxes": [
        {
            "label": "tip",
            "x_center": 0.518293,
            "y_center": 0.530488,
            "width": 0.115854,
            "height": 0.115854
        }
    ]
}