{
    "bounding_boxes": [
        {
            "label": "tip",
            "x_center": 0.529726,
            "y_center": 0.510671,
            "width": 0.074695,
            "height": 0.097561
        }
    ]
}