{
    "bounding_boxes": [
        {
            "label": "tip",
            "x_center": 0.526677,
            "y_center": 0.553354,
            "width": 0.099085,
            "height": 0.155488
        }
    ]
}