{
    "bounding_boxes": [
        {
            "label": "tip",
            "x_center": 0.525152,
            "y_center": 0.541921,
            "width": 0.092988,
            "height": 0.144817
        }
    ]
}