{
    "bounding_boxes": [
        {
            "label": "tip",
            "x_center": 0.525915,
            "y_center": 0.528201,
            "width": 0.067073,
            "height": 0.102134
        }
    ]
}