{
    "bounding_boxes": [
        {
            "label": "tip",
            "x_center": 0.527439,
            "y_center": 0.515244,
            "width": 0.085366,
            "height": 0.118902
        }
    ]
}