{
    "bounding_boxes": [
        {
            "label": "tip",
            "x_center": 0.526677,
            "y_center": 0.539634,
            "width": 0.117378,
            "height": 0.140244
        }
    ]
}