{
    "bounding_boxes": [
        {
            "label": "tip",
            "x_center": 0.521341,
            "y_center": 0.549543,
            "width": 0.103659,
            "height": 0.132622
        }
    ]
}