{
    "bounding_boxes": [
        {
            "label": "tip",
            "x_center": 0.514482,
            "y_center": 0.537348,
            "width": 0.099085,
            "height": 0.126524
        }
    ]
}