{
    "bounding_boxes": [
        {
            "label": "tip",
            "x_center": 0.509146,
            "y_center": 0.538872,
            "width": 0.103659,
            "height": 0.153963
        }
    ]
}