{
    "bounding_boxes": [
        {
            "label": "tip",
            "x_center": 0.509146,
            "y_center": 0.567073,
            "width": 0.167683,
            "height": 0.210366
        }
    ]
}