{
    "bounding_boxes": [
        {
            "label": "tip",
            "x_center": 0.509146,
            "y_center": 0.578506,
            "width": 0.158537,
            "height": 0.193598
        }
    ]
}