{
    "bounding_boxes": [
        {
            "label": "tip",
            "x_center": 0.521341,
            "y_center": 0.553354,
            "width": 0.094512,
            "height": 0.140244
        }
    ]
}