{
    "bounding_boxes": [
        {
            "label": "tip",
            "x_center": 0.512957,
            "y_center": 0.514482,
            "width": 0.074695,
            "height": 0.108232
        }
    ]
}