{
    "bounding_boxes": [
        {
            "label": "tip",
            "x_center": 0.507622,
            "y_center": 0.526677,
            "width": 0.073171,
            "height": 0.123476
        }
    ]
}