{
    "bounding_boxes": [
        {
            "label": "tip",
            "x_center": 0.505335,
            "y_center": 0.510671,
            "width": 0.068598,
            "height": 0.118902
        }
    ]
}