{
    "bounding_boxes": [
        {
            "label": "tip",
            "x_center": 0.503811,
            "y_center": 0.506098,
            "width": 0.077744,
            "height": 0.112805
        }
    ]
}