{
    "bounding_boxes": [
        {
            "label": "tip",
            "x_center": 0.511433,
            "y_center": 0.506098,
            "width": 0.080793,
            "height": 0.091463
        }
    ]
}