{
    "bounding_boxes": [
        {
            "label": "tip",
            "x_center": 0.510671,
            "y_center": 0.503049,
            "width": 0.060976,
            "height": 0.085366
        }
    ]
}