{
    "bounding_boxes": [
        {
            "label": "tip",
            "x_center": 0.497713,
            "y_center": 0.521341,
            "width": 0.099085,
            "height": 0.134146
        }
    ]
}