{
    "bounding_boxes": [
        {
            "label": "tip",
            "x_center": 0.496951,
            "y_center": 0.498476,
            "width": 0.106707,
            "height": 0.094512
        }
    ]
}