{
    "bounding_boxes": [
        {
            "label": "tip",
            "x_center": 0.484756,
            "y_center": 0.503811,
            "width": 0.091463,
            "height": 0.120427
        }
    ]
}