{
    "bounding_boxes": [
        {
            "label": "tip",
            "x_center": 0.500762,
            "y_center": 0.503049,
            "width": 0.089939,
            "height": 0.103659
        }
    ]
}