{
    "bounding_boxes": [
        {
            "label": "tip",
            "x_center": 0.494665,
            "y_center": 0.516768,
            "width": 0.099085,
            "height": 0.121951
        }
    ]
}