{
    "bounding_boxes": [
        {
            "label": "tip",
            "x_center": 0.503811,
            "y_center": 0.525152,
            "width": 0.080793,
            "height": 0.135671
        }
    ]
}