{
    "bounding_boxes": [
        {
            "label": "tip",
            "x_center": 0.521341,
            "y_center": 0.509909,
            "width": 0.070122,
            "height": 0.135671
        }
    ]
}