{
    "bounding_boxes": [
        {
            "label": "tip",
            "x_center": 0.510671,
            "y_center": 0.509909,
            "width": 0.115854,
            "height": 0.114329
        }
    ]
}