{
    "bounding_boxes": [
        {
            "label": "tip",
            "x_center": 0.516768,
            "y_center": 0.554878,
            "width": 0.088415,
            "height": 0.152439
        }
    ]
}