{
    "bounding_boxes": [
        {
            "label": "tip",
            "x_center": 0.528201,
            "y_center": 0.545732,
            "width": 0.068598,
            "height": 0.097561
        }
    ]
}