{
    "bounding_boxes": [
        {
            "label": "tip",
            "x_center": 0.528201,
            "y_center": 0.533537,
            "width": 0.117378,
            "height": 0.103659
        }
    ]
}