{
    "bounding_boxes": [
        {
            "label": "tip",
            "x_center": 0.515244,
            "y_center": 0.553354,
            "width": 0.085366,
            "height": 0.115854
        }
    ]
}