{
    "bounding_boxes": [
        {
            "label": "tip",
            "x_center": 0.527439,
            "y_center": 0.554878,
            "width": 0.067073,
            "height": 0.094512
        }
    ]
}