{
    "bounding_boxes": [
        {
            "label": "tip",
            "x_center": 0.525152,
            "y_center": 0.551829,
            "width": 0.068598,
            "height": 0.082317
        }
    ]
}