{
    "bounding_boxes": [
        {
            "label": "tip",
            "x_center": 0.509909,
            "y_center": 0.577744,
            "width": 0.092988,
            "height": 0.106707
        }
    ]
}