{
    "bounding_boxes": [
        {
            "label": "tip",
            "x_center": 0.481707,
            "y_center": 0.599085,
            "width": 0.088415,
            "height": 0.115854
        }
    ]
}