{
    "bounding_boxes": [
        {
            "label": "tip",
            "x_center": 0.478659,
            "y_center": 0.614329,
            "width": 0.067073,
            "height": 0.109756
        }
    ]
}