{
    "bounding_boxes": [
        {
            "label": "tip",
            "x_center": 0.477896,
            "y_center": 0.616616,
            "width": 0.099085,
            "height": 0.114329
        }
    ]
}