{
    "bounding_boxes": [
        {
            "label": "tip",
            "x_center": 0.480945,
            "y_center": 0.608232,
            "width": 0.114329,
            "height": 0.118902
        }
    ]
}