{
    "bounding_boxes": [
        {
            "label": "tip",
            "x_center": 0.457317,
            "y_center": 0.648628,
            "width": 0.082317,
            "height": 0.135671
        }
    ]
}