{
    "bounding_boxes": [
        {
            "label": "tip",
            "x_center": 0.474085,
            "y_center": 0.610518,
            "width": 0.088415,
            "height": 0.074695
        }
    ]
}