{
    "bounding_boxes": [
        {
            "label": "tip",
            "x_center": 0.464939,
            "y_center": 0.622713,
            "width": 0.070122,
            "height": 0.083841
        }
    ]
}