{
    "bounding_boxes": [
        {
            "label": "tip",
            "x_center": 0.464177,
            "y_center": 0.630335,
            "width": 0.065549,
            "height": 0.083841
        }
    ]
}