{
    "bounding_boxes": [
        {
            "label": "tip",
            "x_center": 0.439024,
            "y_center": 0.660823,
            "width": 0.106707,
            "height": 0.157012
        }
    ]
}