{
    "bounding_boxes": [
        {
            "label": "tip",
            "x_center": 0.442835,
            "y_center": 0.657774,
            "width": 0.077744,
            "height": 0.117378
        }
    ]
}