{
    "bounding_boxes": [
        {
            "label": "tip",
            "x_center": 0.432165,
            "y_center": 0.677591,
            "width": 0.105183,
            "height": 0.126524
        }
    ]
}