{
    "bounding_boxes": [
        {
            "label": "tip",
            "x_center": 0.445884,
            "y_center": 0.653201,
            "width": 0.077744,
            "height": 0.092988
        }
    ]
}