{
    "bounding_boxes": [
        {
            "label": "tip",
            "x_center": 0.431402,
            "y_center": 0.693598,
            "width": 0.103659,
            "height": 0.143293
        }
    ]
}