{
    "bounding_boxes": [
        {
            "label": "tip",
            "x_center": 0.417683,
            "y_center": 0.699695,
            "width": 0.094512,
            "height": 0.091463
        }
    ]
}