{
    "bounding_boxes": [
        {
            "label": "tip",
            "x_center": 0.431402,
            "y_center": 0.670732,
            "width": 0.079268,
            "height": 0.094512
        }
    ]
}