{
    "bounding_boxes": [
        {
            "label": "tip",
            "x_center": 0.416921,
            "y_center": 0.700457,
            "width": 0.080793,
            "height": 0.105183
        }
    ]
}