{
    "bounding_boxes": [
        {
            "label": "tip",
            "x_center": 0.429878,
            "y_center": 0.691311,
            "width": 0.045732,
            "height": 0.071646
        }
    ]
}