{
    "bounding_boxes": [
        {
            "label": "tip",
            "x_center": 0.428354,
            "y_center": 0.692073,
            "width": 0.128049,
            "height": 0.109756
        }
    ]
}