{
    "bounding_boxes": [
        {
            "label": "tip",
            "x_center": 0.413872,
            "y_center": 0.721037,
            "width": 0.068598,
            "height": 0.094512
        }
    ]
}