{
    "bounding_boxes": [
        {
            "label": "tip",
            "x_center": 0.410823,
            "y_center": 0.712652,
            "width": 0.074695,
            "height": 0.092988
        }
    ]
}