{
    "bounding_boxes": [
        {
            "label": "tip",
            "x_center": 0.408537,
            "y_center": 0.714177,
            "width": 0.073171,
            "height": 0.126524
        }
    ]
}