{
    "bounding_boxes": [
        {
            "label": "tip",
            "x_center": 0.400152,
            "y_center": 0.734756,
            "width": 0.108232,
            "height": 0.134146
        }
    ]
}