{
    "bounding_boxes": [
        {
            "label": "tip",
            "x_center": 0.407774,
            "y_center": 0.724848,
            "width": 0.074695,
            "height": 0.114329
        }
    ]
}