{
    "bounding_boxes": [
        {
            "label": "tip",
            "x_center": 0.401677,
            "y_center": 0.714939,
            "width": 0.105183,
            "height": 0.094512
        }
    ]
}