{
    "bounding_boxes": [
        {
            "label": "tip",
            "x_center": 0.416159,
            "y_center": 0.717988,
            "width": 0.082317,
            "height": 0.106707
        }
    ]
}