{
    "bounding_boxes": [
        {
            "label": "tip",
            "x_center": 0.403963,
            "y_center": 0.729421,
            "width": 0.088415,
            "height": 0.114329
        }
    ]
}