{
    "bounding_boxes": [
        {
            "label": "tip",
            "x_center": 0.414634,
            "y_center": 0.717988,
            "width": 0.082317,
            "height": 0.079268
        }
    ]
}