{
    "bounding_boxes": [
        {
            "label": "tip",
            "x_center": 0.405488,
            "y_center": 0.726372,
            "width": 0.106707,
            "height": 0.099085
        }
    ]
}