{
    "bounding_boxes": [
        {
            "label": "tip",
            "x_center": 0.408537,
            "y_center": 0.724085,
            "width": 0.091463,
            "height": 0.137195
        }
    ]
}