{
    "bounding_boxes": [
        {
            "label": "tip",
            "x_center": 0.408537,
            "y_center": 0.733994,
            "width": 0.085366,
            "height": 0.132622
        }
    ]
}