{
    "bounding_boxes": [
        {
            "label": "tip",
            "x_center": 0.386433,
            "y_center": 0.746951,
            "width": 0.123476,
            "height": 0.167683
        }
    ]
}