{
    "bounding_boxes": [
        {
            "label": "tip",
            "x_center": 0.422256,
            "y_center": 0.715701,
            "width": 0.131098,
            "height": 0.141768
        }
    ]
}