{
    "bounding_boxes": [
        {
            "label": "tip",
            "x_center": 0.428354,
            "y_center": 0.685213,
            "width": 0.064024,
            "height": 0.141768
        }
    ]
}