{
    "bounding_boxes": [
        {
            "label": "tip",
            "x_center": 0.426067,
            "y_center": 0.695884,
            "width": 0.117378,
            "height": 0.172256
        }
    ]
}