{
    "bounding_boxes": [
        {
            "label": "tip",
            "x_center": 0.416159,
            "y_center": 0.708079,
            "width": 0.097561,
            "height": 0.126524
        }
    ]
}