{
    "bounding_boxes": [
        {
            "label": "tip",
            "x_center": 0.423018,
            "y_center": 0.701982,
            "width": 0.083841,
            "height": 0.144817
        }
    ]
}