{
    "bounding_boxes": [
        {
            "label": "tip",
            "x_center": 0.436738,
            "y_center": 0.679878,
            "width": 0.080793,
            "height": 0.121951
        }
    ]
}