{
    "bounding_boxes": [
        {
            "label": "tip",
            "x_center": 0.432927,
            "y_center": 0.678354,
            "width": 0.106707,
            "height": 0.112805
        }
    ]
}