{
    "bounding_boxes": [
        {
            "label": "tip",
            "x_center": 0.427591,
            "y_center": 0.679878,
            "width": 0.096037,
            "height": 0.082317
        }
    ]
}