{
    "bounding_boxes": [
        {
            "label": "tip",
            "x_center": 0.455793,
            "y_center": 0.643293,
            "width": 0.082317,
            "height": 0.079268
        }
    ]
}