{
    "bounding_boxes": [
        {
            "label": "tip",
            "x_center": 0.453506,
            "y_center": 0.640244,
            "width": 0.050305,
            "height": 0.060976
        }
    ]
}