{
    "bounding_boxes": [
        {
            "label": "tip",
            "x_center": 0.449695,
            "y_center": 0.658537,
            "width": 0.118902,
            "height": 0.161585
        }
    ]
}