{
    "bounding_boxes": [
        {
            "label": "tip",
            "x_center": 0.473323,
            "y_center": 0.627287,
            "width": 0.102134,
            "height": 0.132622
        }
    ]
}