{
    "bounding_boxes": [
        {
            "label": "tip",
            "x_center": 0.451982,
            "y_center": 0.637957,
            "width": 0.126524,
            "height": 0.199695
        }
    ]
}