{
    "bounding_boxes": [
        {
            "label": "tip",
            "x_center": 0.484756,
            "y_center": 0.606707,
            "width": 0.097561,
            "height": 0.140244
        }
    ]
}