{
    "bounding_boxes": [
        {
            "label": "tip",
            "x_center": 0.471799,
            "y_center": 0.626524,
            "width": 0.080793,
            "height": 0.158537
        }
    ]
}