{
    "bounding_boxes": [
        {
            "label": "tip",
            "x_center": 0.496951,
            "y_center": 0.567073,
            "width": 0.094512,
            "height": 0.103659
        }
    ]
}