{
    "bounding_boxes": [
        {
            "label": "tip",
            "x_center": 0.480183,
            "y_center": 0.595274,
            "width": 0.137195,
            "height": 0.166159
        }
    ]
}