{
    "bounding_boxes": [
        {
            "label": "tip",
            "x_center": 0.490854,
            "y_center": 0.576982,
            "width": 0.128049,
            "height": 0.190549
        }
    ]
}