{
    "bounding_boxes": [
        {
            "label": "tip",
            "x_center": 0.503811,
            "y_center": 0.539634,
            "width": 0.147866,
            "height": 0.115854
        }
    ]
}