{
    "bounding_boxes": [
        {
            "label": "tip",
            "x_center": 0.522866,
            "y_center": 0.532774,
            "width": 0.094512,
            "height": 0.108232
        }
    ]
}