{
    "bounding_boxes": [
        {
            "label": "tip",
            "x_center": 0.511433,
            "y_center": 0.535061,
            "width": 0.108232,
            "height": 0.112805
        }
    ]
}