{
    "bounding_boxes": [
        {
            "label": "tip",
            "x_center": 0.506098,
            "y_center": 0.545732,
            "width": 0.140244,
            "height": 0.158537
        }
    ]
}