{
    "bounding_boxes": [
        {
            "label": "tip",
            "x_center": 0.510671,
            "y_center": 0.541921,
            "width": 0.143293,
            "height": 0.129573
        }
    ]
}