{
    "bounding_boxes": [
        {
            "label": "tip",
            "x_center": 0.505335,
            "y_center": 0.549543,
            "width": 0.105183,
            "height": 0.147866
        }
    ]
}