{
    "bounding_boxes": [
        {
            "label": "tip",
            "x_center": 0.503811,
            "y_center": 0.546494,
            "width": 0.123476,
            "height": 0.169207
        }
    ]
}