{
    "bounding_boxes": [
        {
            "label": "tip",
            "x_center": 0.499238,
            "y_center": 0.556402,
            "width": 0.172256,
            "height": 0.198171
        }
    ]
}