{
    "bounding_boxes": [
        {
            "label": "tip",
            "x_center": 0.503811,
            "y_center": 0.556402,
            "width": 0.129573,
            "height": 0.146341
        }
    ]
}