{
    "bounding_boxes": [
        {
            "label": "tip",
            "x_center": 0.516768,
            "y_center": 0.530488,
            "width": 0.106707,
            "height": 0.112805
        }
    ]
}