{
    "bounding_boxes": [
        {
            "label": "tip",
            "x_center": 0.509909,
            "y_center": 0.542683,
            "width": 0.126524,
            "height": 0.146341
        }
    ]
}