{
    "bounding_boxes": [
        {
            "label": "tip",
            "x_center": 0.505335,
            "y_center": 0.546494,
            "width": 0.120427,
            "height": 0.126524
        }
    ]
}