{
    "bounding_boxes": [
        {
            "label": "tip",
            "x_center": 0.485518,
            "y_center": 0.553354,
            "width": 0.147866,
            "height": 0.176829
        }
    ]
}