{
    "bounding_boxes": [
        {
            "label": "tip",
            "x_center": 0.520579,
            "y_center": 0.527439,
            "width": 0.102134,
            "height": 0.109756
        }
    ]
}