{
    "bounding_boxes": [
        {
            "label": "tip",
            "x_center": 0.528963,
            "y_center": 0.528201,
            "width": 0.103659,
            "height": 0.099085
        }
    ]
}