{
    "bounding_boxes": [
        {
            "label": "tip",
            "x_center": 0.480945,
            "y_center": 0.565549,
            "width": 0.141768,
            "height": 0.198171
        }
    ]
}