{
    "bounding_boxes": [
        {
            "label": "tip",
            "x_center": 0.519817,
            "y_center": 0.519817,
            "width": 0.085366,
            "height": 0.112805
        }
    ]
}