{
    "bounding_boxes": [
        {
            "label": "tip",
            "x_center": 0.516006,
            "y_center": 0.541921,
            "width": 0.083841,
            "height": 0.096037
        }
    ]
}