{
    "bounding_boxes": [
        {
            "label": "tip",
            "x_center": 0.534299,
            "y_center": 0.520579,
            "width": 0.083841,
            "height": 0.080793
        }
    ]
}