{
    "bounding_boxes": [
        {
            "label": "tip",
            "x_center": 0.519817,
            "y_center": 0.535061,
            "width": 0.079268,
            "height": 0.109756
        }
    ]
}