{
    "bounding_boxes": [
        {
            "label": "tip",
            "x_center": 0.536585,
            "y_center": 0.516768,
            "width": 0.057927,
            "height": 0.073171
        }
    ]
}