{
    "bounding_boxes": [
        {
            "label": "tip",
            "x_center": 0.540396,
            "y_center": 0.525915,
            "width": 0.077744,
            "height": 0.085366
        }
    ]
}