{
    "bounding_boxes": [
        {
            "label": "tip",
            "x_center": 0.522104,
            "y_center": 0.547256,
            "width": 0.083841,
            "height": 0.134146
        }
    ]
}