{
    "bounding_boxes": [
        {
            "label": "tip",
            "x_center": 0.516006,
            "y_center": 0.532012,
            "width": 0.120427,
            "height": 0.115854
        }
    ]
}