{
    "bounding_boxes": [
        {
            "label": "tip",
            "x_center": 0.515244,
            "y_center": 0.537348,
            "width": 0.082317,
            "height": 0.108232
        }
    ]
}