{
    "bounding_boxes": [
        {
            "label": "tip",
            "x_center": 0.511433,
            "y_center": 0.541921,
            "width": 0.096037,
            "height": 0.105183
        }
    ]
}