{
    "bounding_boxes": [
        {
            "label": "tip",
            "x_center": 0.529726,
            "y_center": 0.527439,
            "width": 0.047256,
            "height": 0.067073
        }
    ]
}