{
    "bounding_boxes": [
        {
            "label": "tip",
            "x_center": 0.512195,
            "y_center": 0.532012,
            "width": 0.103659,
            "height": 0.131098
        }
    ]
}