{
    "bounding_boxes": [
        {
            "label": "tip",
            "x_center": 0.516006,
            "y_center": 0.532774,
            "width": 0.092988,
            "height": 0.153963
        }
    ]
}