{
    "bounding_boxes": [
        {
            "label": "tip",
            "x_center": 0.528201,
            "y_center": 0.547256,
            "width": 0.083841,
            "height": 0.131098
        }
    ]
}