{
    "bounding_boxes": [
        {
            "label": "tip",
            "x_center": 0.526677,
            "y_center": 0.535061,
            "width": 0.071646,
            "height": 0.088415
        }
    ]
}