{
    "bounding_boxes": [
        {
            "label": "tip",
            "x_center": 0.516768,
            "y_center": 0.540396,
            "width": 0.085366,
            "height": 0.102134
        }
    ]
}