{
    "bounding_boxes": [
        {
            "label": "tip",
            "x_center": 0.512957,
            "y_center": 0.540396,
            "width": 0.108232,
            "height": 0.150915
        }
    ]
}