{
    "bounding_boxes": [
        {
            "label": "tip",
            "x_center": 0.509909,
            "y_center": 0.548018,
            "width": 0.096037,
            "height": 0.126524
        }
    ]
}