{
    "bounding_boxes": [
        {
            "label": "tip",
            "x_center": 0.514482,
            "y_center": 0.536585,
            "width": 0.077744,
            "height": 0.103659
        }
    ]
}