{
    "bounding_boxes": [
        {
            "label": "tip",
            "x_center": 0.490854,
            "y_center": 0.532774,
            "width": 0.106707,
            "height": 0.153963
        }
    ]
}