{
    "bounding_boxes": [
        {
            "label": "tip",
            "x_center": 0.506098,
            "y_center": 0.516006,
            "width": 0.060976,
            "height": 0.105183
        }
    ]
}