{
    "bounding_boxes": [
        {
            "label": "tip",
            "x_center": 0.495427,
            "y_center": 0.534299,
            "width": 0.091463,
            "height": 0.126524
        }
    ]
}