{
    "bounding_boxes": [
        {
            "label": "tip",
            "x_center": 0.494665,
            "y_center": 0.515244,
            "width": 0.096037,
            "height": 0.094512
        }
    ]
}