{
    "bounding_boxes": [
        {
            "label": "tip",
            "x_center": 0.489329,
            "y_center": 0.521341,
            "width": 0.115854,
            "height": 0.109756
        }
    ]
}