{
    "bounding_boxes": [
        {
            "label": "tip",
            "x_center": 0.494665,
            "y_center": 0.510671,
            "width": 0.065549,
            "height": 0.091463
        }
    ]
}