{
    "bounding_boxes": [
        {
            "label": "tip",
            "x_center": 0.491616,
            "y_center": 0.529726,
            "width": 0.074695,
            "height": 0.108232
        }
    ]
}