{
    "bounding_boxes": [
        {
            "label": "tip",
            "x_center": 0.471799,
            "y_center": 0.516768,
            "width": 0.102134,
            "height": 0.134146
        }
    ]
}