{
    "bounding_boxes": [
        {
            "label": "tip",
            "x_center": 0.480183,
            "y_center": 0.519055,
            "width": 0.085366,
            "height": 0.114329
        }
    ]
}