{
    "bounding_boxes": [
        {
            "label": "tip",
            "x_center": 0.471799,
            "y_center": 0.518293,
            "width": 0.099085,
            "height": 0.115854
        }
    ]
}