{
    "bounding_boxes": [
        {
            "label": "tip",
            "x_center": 0.487805,
            "y_center": 0.519055,
            "width": 0.079268,
            "height": 0.108232
        }
    ]
}