{
    "bounding_boxes": [
        {
            "label": "tip",
            "x_center": 0.487043,
            "y_center": 0.504573,
            "width": 0.077744,
            "height": 0.112805
        }
    ]
}