{
    "bounding_boxes": [
        {
            "label": "tip",
            "x_center": 0.471799,
            "y_center": 0.512957,
            "width": 0.092988,
            "height": 0.108232
        }
    ]
}