{
    "bounding_boxes": [
        {
            "label": "tip",
            "x_center": 0.491616,
            "y_center": 0.509146,
            "width": 0.083841,
            "height": 0.103659
        }
    ]
}