{
    "bounding_boxes": [
        {
            "label": "tip",
            "x_center": 0.467226,
            "y_center": 0.515244,
            "width": 0.074695,
            "height": 0.128049
        }
    ]
}