{
    "bounding_boxes": [
        {
            "label": "tip",
            "x_center": 0.472561,
            "y_center": 0.501524,
            "width": 0.097561,
            "height": 0.109756
        }
    ]
}