{
    "bounding_boxes": [
        {
            "label": "tip",
            "x_center": 0.479421,
            "y_center": 0.516006,
            "width": 0.074695,
            "height": 0.117378
        }
    ]
}