{
    "bounding_boxes": [
        {
            "label": "tip",
            "x_center": 0.438262,
            "y_center": 0.487805,
            "width": 0.105183,
            "height": 0.109756
        }
    ]
}