{
    "bounding_boxes": [
        {
            "label": "tip",
            "x_center": 0.417683,
            "y_center": 0.487043,
            "width": 0.109756,
            "height": 0.129573
        }
    ]
}