{
    "bounding_boxes": [
        {
            "label": "tip",
            "x_center": 0.420732,
            "y_center": 0.471037,
            "width": 0.121951,
            "height": 0.112805
        }
    ]
}