{
    "bounding_boxes": [
        {
            "label": "tip",
            "x_center": 0.419207,
            "y_center": 0.473323,
            "width": 0.115854,
            "height": 0.135671
        }
    ]
}