{
    "bounding_boxes": [
        {
            "label": "tip",
            "x_center": 0.423018,
            "y_center": 0.477134,
            "width": 0.092988,
            "height": 0.118902
        }
    ]
}