{
    "bounding_boxes": [
        {
            "label": "tip",
            "x_center": 0.416159,
            "y_center": 0.488567,
            "width": 0.121951,
            "height": 0.132622
        }
    ]
}