{
    "bounding_boxes": [
        {
            "label": "tip",
            "x_center": 0.441311,
            "y_center": 0.487805,
            "width": 0.092988,
            "height": 0.131098
        }
    ]
}