{
    "bounding_boxes": [
        {
            "label": "tip",
            "x_center": 0.447409,
            "y_center": 0.487043,
            "width": 0.096037,
            "height": 0.092988
        }
    ]
}