{
    "bounding_boxes": [
        {
            "label": "tip",
            "x_center": 0.429878,
            "y_center": 0.493902,
            "width": 0.112805,
            "height": 0.146341
        }
    ]
}