{
    "bounding_boxes": [
        {
            "label": "tip",
            "x_center": 0.442073,
            "y_center": 0.499238,
            "width": 0.103659,
            "height": 0.126524
        }
    ]
}