{
    "bounding_boxes": [
        {
            "label": "tip",
            "x_center": 0.467226,
            "y_center": 0.498476,
            "width": 0.083841,
            "height": 0.118902
        }
    ]
}