{
    "bounding_boxes": [
        {
            "label": "tip",
            "x_center": 0.446646,
            "y_center": 0.488567,
            "width": 0.091463,
            "height": 0.096037
        }
    ]
}