{
    "bounding_boxes": [
        {
            "label": "tip",
            "x_center": 0.431402,
            "y_center": 0.522104,
            "width": 0.131098,
            "height": 0.144817
        }
    ]
}