{
    "bounding_boxes": [
        {
            "label": "tip",
            "x_center": 0.453506,
            "y_center": 0.499238,
            "width": 0.077744,
            "height": 0.129573
        }
    ]
}