{
    "bounding_boxes": [
        {
            "label": "tip",
            "x_center": 0.459604,
            "y_center": 0.511433,
            "width": 0.102134,
            "height": 0.102134
        }
    ]
}