{
    "bounding_boxes": [
        {
            "label": "tip",
            "x_center": 0.464177,
            "y_center": 0.503811,
            "width": 0.077744,
            "height": 0.126524
        }
    ]
}