{
    "bounding_boxes": [
        {
            "label": "tip",
            "x_center": 0.516768,
            "y_center": 0.541159,
            "width": 0.088415,
            "height": 0.109756
        }
    ]
}