{
    "bounding_boxes": [
        {
            "label": "tip",
            "x_center": 0.501524,
            "y_center": 0.530488,
            "width": 0.091463,
            "height": 0.131098
        }
    ]
}