{
    "bounding_boxes": [
        {
            "label": "",
            "x_center": 0.52439,
            "y_center": 0.537348,
            "width": 0.088415,
            "height": 0.108232
        }
    ]
}