{
    "bounding_boxes": [
        {
            "label": "tip",
            "x_center": 0.518293,
            "y_center": 0.543445,
            "width": 0.088415,
            "height": 0.096037
        }
    ]
}