{
    "bounding_boxes": [
        {
            "label": "tip",
            "x_center": 0.522104,
            "y_center": 0.538872,
            "width": 0.071646,
            "height": 0.102134
        }
    ]
}