{
    "bounding_boxes": [
        {
            "label": "tip",
            "x_center": 0.520579,
            "y_center": 0.551829,
            "width": 0.080793,
            "height": 0.152439
        }
    ]
}