{
    "bounding_boxes": [
        {
            "label": "tip",
            "x_center": 0.519055,
            "y_center": 0.546494,
            "width": 0.083841,
            "height": 0.102134
        }
    ]
}