{
    "bounding_boxes": [
        {
            "label": "tip",
            "x_center": 0.521341,
            "y_center": 0.559451,
            "width": 0.088415,
            "height": 0.143293
        }
    ]
}