{
    "bounding_boxes": [
        {
            "label": "tip",
            "x_center": 0.525152,
            "y_center": 0.541159,
            "width": 0.089939,
            "height": 0.121951
        }
    ]
}