{
    "bounding_boxes": [
        {
            "label": "tip",
            "x_center": 0.528963,
            "y_center": 0.539634,
            "width": 0.085366,
            "height": 0.118902
        }
    ]
}