{
    "bounding_boxes": [
        {
            "label": "tip",
            "x_center": 0.522104,
            "y_center": 0.538872,
            "width": 0.065549,
            "height": 0.096037
        }
    ]
}