{
    "bounding_boxes": [
        {
            "label": "tip",
            "x_center": 0.516768,
            "y_center": 0.549543,
            "width": 0.121951,
            "height": 0.169207
        }
    ]
}