{
    "bounding_boxes": [
        {
            "label": "tip",
            "x_center": 0.514482,
            "y_center": 0.545732,
            "width": 0.102134,
            "height": 0.140244
        }
    ]
}