{
    "bounding_boxes": [
        {
            "label": "tip",
            "x_center": 0.522866,
            "y_center": 0.541921,
            "width": 0.094512,
            "height": 0.144817
        }
    ]
}