{
    "bounding_boxes": [
        {
            "label": "tip",
            "x_center": 0.541159,
            "y_center": 0.510671,
            "width": 0.030488,
            "height": 0.036585
        }
    ]
}