{
    "bounding_boxes": [
        {
            "label": "tip",
            "x_center": 0.516006,
            "y_center": 0.539634,
            "width": 0.102134,
            "height": 0.128049
        }
    ]
}