{
    "bounding_boxes": [
        {
            "label": "tip",
            "x_center": 0.526677,
            "y_center": 0.536585,
            "width": 0.065549,
            "height": 0.091463
        }
    ]
}