{
    "bounding_boxes": [
        {
            "label": "tip",
            "x_center": 0.521341,
            "y_center": 0.539634,
            "width": 0.091463,
            "height": 0.134146
        }
    ]
}