{
    "bounding_boxes": [
        {
            "label": "tip",
            "x_center": 0.512957,
            "y_center": 0.539634,
            "width": 0.126524,
            "height": 0.146341
        }
    ]
}