{
    "bounding_boxes": [
        {
            "label": "tip",
            "x_center": 0.527439,
            "y_center": 0.543445,
            "width": 0.106707,
            "height": 0.120427
        }
    ]
}