{
    "bounding_boxes": [
        {
            "label": "tip",
            "x_center": 0.544207,
            "y_center": 0.532774,
            "width": 0.070122,
            "height": 0.092988
        }
    ]
}