{
    "bounding_boxes": [
        {
            "label": "tip",
            "x_center": 0.518293,
            "y_center": 0.532012,
            "width": 0.097561,
            "height": 0.094512
        }
    ]
}