{
    "bounding_boxes": [
        {
            "label": "tip",
            "x_center": 0.533537,
            "y_center": 0.521341,
            "width": 0.079268,
            "height": 0.085366
        }
    ]
}