{
    "bounding_boxes": [
        {
            "label": "tip",
            "x_center": 0.534299,
            "y_center": 0.532012,
            "width": 0.096037,
            "height": 0.106707
        }
    ]
}