{
    "bounding_boxes": [
        {
            "label": "tip",
            "x_center": 0.512957,
            "y_center": 0.550305,
            "width": 0.105183,
            "height": 0.128049
        }
    ]
}