{
    "bounding_boxes": [
        {
            "label": "tip",
            "x_center": 0.527439,
            "y_center": 0.535061,
            "width": 0.064024,
            "height": 0.082317
        }
    ]
}