{
    "bounding_boxes": [
        {
            "label": "tip",
            "x_center": 0.516768,
            "y_center": 0.546494,
            "width": 0.115854,
            "height": 0.160061
        }
    ]
}