{
    "bounding_boxes": [
        {
            "label": "tip",
            "x_center": 0.522866,
            "y_center": 0.553354,
            "width": 0.091463,
            "height": 0.152439
        }
    ]
}