{
    "bounding_boxes": [
        {
            "label": "tip",
            "x_center": 0.516768,
            "y_center": 0.557927,
            "width": 0.112805,
            "height": 0.155488
        }
    ]
}