{
    "bounding_boxes": [
        {
            "label": "tip",
            "x_center": 0.509146,
            "y_center": 0.556402,
            "width": 0.131098,
            "height": 0.134146
        }
    ]
}