{
    "bounding_boxes": [
        {
            "label": "tip",
            "x_center": 0.497713,
            "y_center": 0.545732,
            "width": 0.141768,
            "height": 0.128049
        }
    ]
}