{
    "bounding_boxes": [
        {
            "label": "tip",
            "x_center": 0.522866,
            "y_center": 0.543445,
            "width": 0.070122,
            "height": 0.102134
        }
    ]
}