{
    "bounding_boxes": [
        {
            "label": "tip",
            "x_center": 0.516006,
            "y_center": 0.554116,
            "width": 0.102134,
            "height": 0.135671
        }
    ]
}