{
    "bounding_boxes": [
        {
            "label": "tip",
            "x_center": 0.511433,
            "y_center": 0.550305,
            "width": 0.089939,
            "height": 0.143293
        }
    ]
}