{
    "bounding_boxes": [
        {
            "label": "tip",
            "x_center": 0.516768,
            "y_center": 0.561738,
            "width": 0.112805,
            "height": 0.144817
        }
    ]
}