{
    "bounding_boxes": [
        {
            "label": "tip",
            "x_center": 0.519817,
            "y_center": 0.551829,
            "width": 0.091463,
            "height": 0.134146
        }
    ]
}