{
    "bounding_boxes": [
        {
            "label": "tip",
            "x_center": 0.509909,
            "y_center": 0.537348,
            "width": 0.108232,
            "height": 0.153963
        }
    ]
}