{
    "bounding_boxes": [
        {
            "label": "tip",
            "x_center": 0.516006,
            "y_center": 0.559451,
            "width": 0.105183,
            "height": 0.143293
        }
    ]
}