{
    "bounding_boxes": [
        {
            "label": "tip",
            "x_center": 0.514482,
            "y_center": 0.543445,
            "width": 0.108232,
            "height": 0.129573
        }
    ]
}