{
    "bounding_boxes": [
        {
            "label": "tip",
            "x_center": 0.515244,
            "y_center": 0.554116,
            "width": 0.143293,
            "height": 0.172256
        }
    ]
}