{
    "bounding_boxes": [
        {
            "label": "tip",
            "x_center": 0.510671,
            "y_center": 0.541921,
            "width": 0.121951,
            "height": 0.117378
        }
    ]
}