{
    "bounding_boxes": [
        {
            "label": "tip",
            "x_center": 0.512957,
            "y_center": 0.557165,
            "width": 0.099085,
            "height": 0.120427
        }
    ]
}