{
    "bounding_boxes": [
        {
            "label": "tip",
            "x_center": 0.502287,
            "y_center": 0.557165,
            "width": 0.123476,
            "height": 0.141768
        }
    ]
}