{
    "bounding_boxes": [
        {
            "label": "tip",
            "x_center": 0.516768,
            "y_center": 0.571646,
            "width": 0.131098,
            "height": 0.161585
        }
    ]
}