{
    "bounding_boxes": [
        {
            "label": "tip",
            "x_center": 0.515244,
            "y_center": 0.556402,
            "width": 0.112805,
            "height": 0.155488
        }
    ]
}