{
    "bounding_boxes": [
        {
            "label": "tip",
            "x_center": 0.512195,
            "y_center": 0.560213,
            "width": 0.106707,
            "height": 0.132622
        }
    ]
}