{
    "bounding_boxes": [
        {
            "label": "tip",
            "x_center": 0.510671,
            "y_center": 0.552591,
            "width": 0.118902,
            "height": 0.144817
        }
    ]
}