{
    "bounding_boxes": [
        {
            "label": "tip",
            "x_center": 0.504573,
            "y_center": 0.553354,
            "width": 0.094512,
            "height": 0.137195
        }
    ]
}