{
    "bounding_boxes": [
        {
            "label": "tip",
            "x_center": 0.512195,
            "y_center": 0.565549,
            "width": 0.091463,
            "height": 0.143293
        }
    ]
}