{
    "bounding_boxes": [
        {
            "label": "tip",
            "x_center": 0.507622,
            "y_center": 0.567073,
            "width": 0.131098,
            "height": 0.170732
        }
    ]
}